Transaction_DateTime,Transaction_Amount,Merchant_Category,Transaction_Type,Customer_Age,Account_Tenure,Num_Transactions_Last_24H,Location_Match,Actual,Predicted,Fraud_Probability
2025-01-26 06:00:00,1096.68,Fashion,Online,27.0,10.0,1.0,1,0,0,0.0
2025-01-02 09:00:00,1264.62,Electronics,Online,45.0,8.0,7.0,1,1,0,0.02
2025-01-04 16:00:00,1113.45,Grocery,POS,49.0,2.0,1.0,0,0,0,0.0
2025-01-25 10:00:00,1185.16,Entertainment,POS,47.0,0.0,4.0,1,0,0,0.0
2025-01-19 13:00:00,1165.09,Fuel,POS,27.0,3.0,8.0,1,0,0,0.0
2025-01-20 17:00:00,1296.17,Healthcare,POS,36.0,12.0,2.0,1,0,0,0.0
2025-01-11 18:00:00,725.64,Travel,Online,56.0,3.0,1.0,1,0,0,0.03
2025-01-07 16:00:00,1481.43,Fashion,Online,26.0,6.0,8.0,1,0,0,0.0
2025-01-19 22:00:00,1666.18,Fashion,Online,66.0,12.0,1.0,1,0,0,0.01
2025-01-28 22:00:00,1348.85,Travel,POS,22.0,11.0,3.0,0,0,0,0.01
2025-01-28 16:00:00,979.02,Travel,Online,49.0,11.0,6.0,1,0,0,0.01
2025-01-24 16:00:00,470.5,Healthcare,POS,51.0,1.0,7.0,1,0,0,0.0
2025-01-07 11:00:00,1440.37,Electronics,Online,36.0,4.0,8.0,1,0,0,0.04
2025-01-02 01:00:00,1110.68,Grocery,POS,55.0,3.0,8.0,1,0,0,0.0
2025-01-06 10:00:00,1514.32,Travel,POS,45.0,14.0,7.0,1,1,0,0.01
2025-01-27 08:00:00,1054.45,Travel,Online,25.0,0.0,3.0,1,0,0,0.04
2025-01-02 07:00:00,435.89,Entertainment,Online,32.0,11.0,8.0,1,0,0,0.03
2025-01-25 11:00:00,604.53,Travel,POS,44.0,1.0,1.0,1,0,0,0.01
2025-01-03 09:00:00,1181.73,Healthcare,ATM,31.0,8.0,6.0,1,0,0,0.0
2025-01-12 00:00:00,1159.61,Travel,POS,22.0,11.0,1.0,1,0,0,0.09
2025-01-24 12:00:00,705.66,Fashion,Online,47.0,1.0,9.0,1,0,0,0.02
2025-01-15 10:00:00,1623.2,Grocery,POS,39.0,8.0,6.0,1,0,0,0.0
2025-01-30 10:00:00,1912.83,Entertainment,Online,47.0,9.0,1.0,1,0,0,0.02
2025-01-08 14:00:00,1245.14,Fuel,POS,18.0,10.0,4.0,1,0,0,0.0
2025-01-03 17:00:00,394.04,Travel,POS,64.0,11.0,6.0,1,0,0,0.02
2025-01-22 03:00:00,818.18,Entertainment,Online,37.0,4.0,6.0,1,0,0,0.0
2025-01-17 08:00:00,1148.06,Travel,Online,60.0,10.0,9.0,1,0,0,0.0
2025-01-19 02:00:00,1582.83,Fashion,Online,43.0,7.0,2.0,1,0,0,0.0
2025-01-19 03:00:00,1780.13,Fuel,POS,21.0,13.0,3.0,1,0,0,0.07
2025-01-12 00:00:00,1638.24,Fashion,POS,49.0,12.0,8.0,1,0,0,0.09
2025-01-15 21:00:00,1415.85,Entertainment,POS,42.0,6.0,5.0,1,0,0,0.01
2025-01-26 14:00:00,1200.42,Grocery,Online,48.0,8.0,7.0,1,0,0,0.0
2025-01-21 17:00:00,1472.62,Entertainment,POS,35.0,10.0,4.0,1,0,0,0.0
2025-01-24 20:00:00,1678.16,Fuel,Online,52.0,4.0,6.0,1,0,0,0.0
2025-01-10 15:00:00,1501.7,Electronics,Online,21.0,9.0,1.0,1,0,0,0.0
2025-01-16 16:00:00,1865.89,Entertainment,Online,21.0,14.0,6.0,1,0,0,0.02
2025-01-28 05:00:00,1425.33,Healthcare,Online,56.0,11.0,7.0,1,0,0,0.27
2025-01-13 14:00:00,1281.43,Electronics,POS,39.0,10.0,3.0,1,0,0,0.04
2025-01-25 01:00:00,1276.45,Travel,POS,20.0,1.0,6.0,1,0,0,0.05
2025-01-19 12:00:00,1879.67,Fuel,POS,42.0,9.0,1.0,1,0,0,0.09
2025-01-24 10:00:00,1021.65,Grocery,ATM,55.0,14.0,4.0,1,0,0,0.0
2025-01-01 02:00:00,1042.34,Fashion,Online,28.0,7.0,9.0,1,0,0,0.03
2025-01-11 00:00:00,1441.46,Travel,Online,46.0,7.0,2.0,1,0,0,0.23
2025-01-06 21:00:00,1976.33,Fuel,Online,64.0,9.0,3.0,0,0,0,0.0
2025-01-07 15:00:00,2151.87,Fashion,POS,61.0,11.0,7.0,1,0,0,0.04
2025-01-11 18:00:00,1417.4,Electronics,Online,65.0,11.0,6.0,1,0,0,0.0
2025-01-22 18:00:00,1325.28,Healthcare,POS,45.0,14.0,7.0,0,0,0,0.02
2025-01-03 05:00:00,923.48,Fashion,ATM,20.0,10.0,9.0,1,0,0,0.02
2025-01-16 15:00:00,842.03,Travel,Online,47.0,7.0,1.0,1,0,0,0.01
2025-01-21 04:00:00,1650.99,Electronics,POS,47.0,7.0,2.0,0,0,0,0.0
2025-01-28 00:00:00,1051.46,Grocery,Online,52.0,9.0,9.0,1,0,0,0.01
2025-01-26 07:00:00,1590.49,Fuel,POS,25.0,8.0,4.0,1,1,0,0.08
2025-01-30 11:00:00,445.77,Fashion,POS,18.0,12.0,5.0,0,0,0,0.0
2025-01-24 08:00:00,1187.63,Entertainment,POS,25.0,8.0,8.0,0,0,0,0.0
2025-01-14 13:00:00,1288.05,Grocery,POS,66.0,10.0,5.0,1,0,0,0.04
2025-01-30 01:00:00,1199.44,Healthcare,ATM,56.0,1.0,1.0,1,0,0,0.0
2025-01-01 08:00:00,647.46,Entertainment,POS,37.0,4.0,9.0,1,0,0,0.01
2025-01-16 16:00:00,1597.63,Fashion,POS,21.0,13.0,6.0,1,0,0,0.01
2025-01-06 15:00:00,183.35,Entertainment,Online,37.0,12.0,1.0,1,0,0,0.02
2025-01-12 01:00:00,1060.23,Electronics,Online,68.0,12.0,1.0,1,0,0,0.05
2025-01-25 04:00:00,50.0,Electronics,Online,30.0,9.0,1.0,1,0,0,0.0
2025-01-17 10:00:00,318.53,Travel,POS,61.0,11.0,9.0,1,0,0,0.01
2025-01-26 13:00:00,851.29,Travel,POS,57.0,4.0,1.0,1,0,0,0.03
2025-01-10 00:00:00,1638.72,Fashion,Online,59.0,11.0,3.0,1,0,0,0.0
2025-01-13 09:00:00,1188.0,Entertainment,POS,68.0,1.0,6.0,1,0,0,0.4
2025-01-21 13:00:00,526.78,Fuel,POS,29.0,11.0,9.0,1,0,0,0.27
2025-01-22 09:00:00,1762.66,Grocery,Online,30.0,10.0,8.0,1,0,0,0.01
2025-01-18 04:00:00,2114.07,Travel,Online,65.0,10.0,1.0,1,0,0,0.03
2025-01-29 00:00:00,812.76,Travel,POS,25.0,10.0,3.0,1,0,0,0.0
2025-01-04 19:00:00,1264.22,Fuel,POS,34.0,5.0,5.0,1,0,0,0.01
2025-01-19 06:00:00,829.35,Fashion,Online,48.0,0.0,9.0,1,0,0,0.02
2025-01-24 16:00:00,325.32,Electronics,Online,39.0,6.0,8.0,1,0,0,0.0
2025-01-11 00:00:00,1896.87,Electronics,Online,38.0,7.0,6.0,1,0,0,0.28
2025-01-19 18:00:00,1302.01,Healthcare,Online,62.0,9.0,7.0,1,0,0,0.0
2025-01-11 18:00:00,1596.94,Entertainment,POS,66.0,9.0,3.0,1,0,0,0.0
2025-01-14 16:00:00,1238.84,Fuel,Online,56.0,11.0,8.0,1,0,0,0.01
2025-01-12 13:00:00,1648.89,Fuel,POS,64.0,9.0,4.0,1,0,0,0.0
2025-01-23 12:00:00,1870.72,Electronics,ATM,25.0,13.0,2.0,1,0,0,0.01
2025-01-29 00:00:00,1529.82,Travel,Online,29.0,10.0,7.0,1,0,0,0.0
2025-01-12 00:00:00,726.51,Healthcare,POS,33.0,10.0,8.0,1,1,0,0.17
2025-01-14 04:00:00,1460.97,Electronics,Online,24.0,1.0,4.0,0,0,0,0.0
2025-01-29 14:00:00,1363.14,Entertainment,Online,23.0,11.0,2.0,1,0,0,0.02
2025-01-15 17:00:00,1365.03,Entertainment,Online,33.0,10.0,2.0,1,0,0,0.03
2025-01-19 13:00:00,1497.34,Electronics,POS,65.0,8.0,1.0,1,0,0,0.0
2025-01-24 21:00:00,560.48,Electronics,Online,26.0,11.0,1.0,1,0,0,0.0
2025-01-27 15:00:00,1538.85,Fashion,POS,32.0,10.0,2.0,1,0,0,0.01
2025-01-26 12:00:00,614.25,Travel,POS,49.0,7.0,8.0,0,0,0,0.0
2025-01-28 19:00:00,1535.37,Travel,Online,29.0,3.0,3.0,1,0,0,0.01
2025-01-14 11:00:00,2227.86,Entertainment,POS,64.0,8.0,8.0,1,0,0,0.0
2025-01-23 05:00:00,401.49,Fashion,Online,39.0,1.0,8.0,1,0,0,0.0
2025-01-23 23:00:00,1602.19,Entertainment,Online,51.0,7.0,7.0,1,0,0,0.01
2025-01-08 15:00:00,527.71,Grocery,POS,45.0,10.0,3.0,1,0,0,0.04
2025-01-08 06:00:00,983.91,Electronics,POS,63.0,13.0,5.0,1,0,0,0.01
2025-01-24 13:00:00,239.53,Healthcare,Online,65.0,4.0,7.0,1,0,0,0.01
2025-01-25 08:00:00,847.96,Grocery,POS,37.0,4.0,5.0,1,0,0,0.0
2025-01-23 08:00:00,1556.25,Travel,Online,39.0,1.0,3.0,1,0,0,0.01
2025-01-15 17:00:00,1909.89,Healthcare,POS,36.0,5.0,5.0,1,0,0,0.0
2025-01-24 08:00:00,1491.09,Healthcare,POS,25.0,0.0,3.0,1,0,0,0.01
2025-01-21 01:00:00,1011.28,Fashion,Online,29.0,2.0,1.0,1,0,0,0.0
2025-01-03 01:00:00,574.18,Grocery,Online,65.0,3.0,5.0,1,0,0,0.0
2025-01-09 14:00:00,158.26,Healthcare,POS,30.0,14.0,1.0,1,0,0,0.04
2025-01-01 10:00:00,1116.26,Fuel,Online,68.0,12.0,6.0,1,0,0,0.01
2025-01-03 11:00:00,1129.03,Fashion,POS,28.0,3.0,1.0,1,0,0,0.0
2025-01-06 11:00:00,1515.45,Travel,Online,40.0,8.0,3.0,1,0,0,0.0
2025-01-27 00:00:00,1263.87,Fashion,ATM,37.0,8.0,6.0,1,0,0,0.01
2025-01-30 06:00:00,1821.58,Electronics,POS,66.0,7.0,9.0,1,0,0,0.01
2025-01-26 03:00:00,1222.61,Electronics,Online,45.0,13.0,4.0,1,0,0,0.01
2025-01-26 05:00:00,701.57,Healthcare,POS,34.0,0.0,7.0,1,0,0,0.0
2025-01-02 05:00:00,884.03,Healthcare,POS,24.0,2.0,7.0,1,0,0,0.0
2025-01-11 19:00:00,938.84,Travel,ATM,39.0,8.0,5.0,1,0,0,0.04
2025-01-30 14:00:00,1332.71,Electronics,ATM,59.0,7.0,4.0,1,0,0,0.25
2025-01-20 01:00:00,1639.37,Healthcare,ATM,67.0,9.0,5.0,1,0,0,0.01
2025-01-04 09:00:00,1055.22,Fuel,POS,37.0,5.0,1.0,1,0,0,0.1
2025-01-19 05:00:00,761.29,Travel,POS,52.0,14.0,3.0,1,0,0,0.0
2025-01-09 08:00:00,1159.74,Fashion,POS,29.0,1.0,6.0,0,0,0,0.01
2025-01-19 12:00:00,1251.77,Grocery,POS,57.0,2.0,1.0,1,0,0,0.0
2025-01-02 16:00:00,1600.85,Fuel,POS,68.0,13.0,2.0,1,0,0,0.01
2025-01-24 17:00:00,1868.67,Grocery,ATM,54.0,1.0,7.0,1,0,0,0.0
2025-01-14 15:00:00,962.0,Fashion,POS,58.0,5.0,7.0,1,0,0,0.01
2025-01-13 13:00:00,1363.49,Electronics,ATM,61.0,7.0,8.0,0,1,0,0.07
2025-01-30 02:00:00,1568.59,Fuel,ATM,41.0,3.0,6.0,1,0,0,0.01
2025-01-21 12:00:00,1826.2,Entertainment,POS,46.0,0.0,5.0,1,0,0,0.0
2025-01-19 08:00:00,1539.14,Fashion,Online,39.0,6.0,6.0,1,0,0,0.04
2025-01-22 23:00:00,1726.17,Fuel,Online,43.0,3.0,9.0,1,0,0,0.15
2025-01-07 10:00:00,1199.08,Entertainment,POS,18.0,10.0,2.0,1,0,0,0.01
2025-01-28 02:00:00,1545.86,Fuel,ATM,37.0,6.0,7.0,0,0,0,0.03
2025-01-17 21:00:00,1146.44,Travel,Online,24.0,13.0,3.0,1,0,0,0.0
2025-01-26 16:00:00,1406.62,Grocery,Online,60.0,5.0,7.0,1,0,0,0.0
2025-01-04 16:00:00,1680.1,Healthcare,Online,35.0,12.0,2.0,1,0,0,0.0
2025-01-01 00:00:00,893.09,Entertainment,POS,21.0,12.0,8.0,1,0,0,0.0
2025-01-10 08:00:00,358.48,Fashion,POS,31.0,5.0,5.0,1,0,0,0.0
2025-01-14 17:00:00,2168.87,Fashion,Online,28.0,10.0,8.0,1,0,0,0.03
2025-01-10 22:00:00,1467.74,Fashion,POS,43.0,5.0,1.0,0,0,0,0.04
2025-01-17 03:00:00,687.68,Grocery,POS,51.0,1.0,5.0,1,0,0,0.0
2025-01-17 19:00:00,1276.66,Grocery,POS,45.0,4.0,1.0,1,0,0,0.02
2025-01-28 09:00:00,1120.4,Fashion,Online,41.0,6.0,3.0,1,0,0,0.12
2025-01-04 16:00:00,1041.63,Grocery,Online,45.0,1.0,7.0,1,0,0,0.0
2025-01-22 18:00:00,795.77,Fuel,POS,53.0,9.0,3.0,1,0,0,0.0
2025-01-26 09:00:00,1431.84,Healthcare,Online,60.0,1.0,6.0,1,0,0,0.0
2025-01-28 14:00:00,1400.14,Healthcare,POS,31.0,0.0,9.0,1,0,0,0.01
2025-01-08 13:00:00,316.58,Entertainment,Online,58.0,5.0,8.0,1,0,0,0.0
2025-01-19 04:00:00,1178.53,Travel,ATM,18.0,12.0,2.0,1,0,0,0.01
2025-01-22 04:00:00,1760.71,Fuel,POS,53.0,7.0,4.0,1,0,0,0.13
2025-01-18 02:00:00,747.21,Healthcare,POS,63.0,12.0,3.0,1,0,0,0.01
2025-01-11 00:00:00,1273.28,Electronics,Online,63.0,10.0,1.0,1,1,0,0.19
2025-01-19 13:00:00,1123.51,Grocery,Online,35.0,5.0,7.0,1,0,0,0.0
2025-01-29 00:00:00,2035.75,Electronics,POS,20.0,5.0,4.0,0,0,0,0.01
2025-01-10 08:00:00,1301.48,Grocery,ATM,39.0,7.0,4.0,1,0,0,0.01
2025-01-08 23:00:00,1066.27,Healthcare,Online,37.0,5.0,8.0,1,0,0,0.0
2025-01-06 17:00:00,1100.35,Fuel,POS,63.0,0.0,3.0,0,0,0,0.01
2025-01-11 16:00:00,1523.79,Fuel,POS,54.0,14.0,7.0,1,0,0,0.02
2025-01-03 09:00:00,1054.72,Healthcare,POS,58.0,9.0,6.0,1,0,0,0.0
2025-01-07 04:00:00,1264.95,Travel,POS,66.0,10.0,7.0,1,0,0,0.01
2025-01-04 02:00:00,915.61,Electronics,POS,19.0,6.0,1.0,1,0,0,0.1
2025-01-10 14:00:00,593.6,Electronics,Online,40.0,12.0,6.0,1,0,0,0.01
2025-01-09 21:00:00,1304.57,Grocery,Online,34.0,7.0,8.0,1,1,0,0.06
2025-01-21 09:00:00,1627.45,Travel,Online,39.0,0.0,3.0,1,0,0,0.01
2025-01-10 23:00:00,1386.18,Fashion,POS,21.0,5.0,8.0,0,0,0,0.01
2025-01-04 06:00:00,1739.86,Electronics,POS,33.0,1.0,4.0,1,0,0,0.0
2025-01-27 22:00:00,658.38,Fashion,Online,69.0,8.0,4.0,1,0,0,0.0
2025-01-22 01:00:00,1767.12,Travel,Online,21.0,3.0,9.0,1,0,0,0.0
2025-01-30 12:00:00,2196.81,Entertainment,POS,35.0,11.0,2.0,1,0,0,0.01
2025-01-06 12:00:00,1079.08,Fashion,POS,19.0,13.0,2.0,1,0,0,0.04
2025-01-18 23:00:00,1084.4,Fashion,Online,50.0,5.0,9.0,1,0,0,0.02
2025-01-13 04:00:00,2210.24,Electronics,POS,57.0,11.0,3.0,1,0,0,0.08
2025-01-19 10:00:00,386.24,Healthcare,POS,37.0,14.0,8.0,1,0,0,0.03
2025-01-15 14:00:00,1226.94,Travel,POS,40.0,6.0,2.0,1,0,0,0.0
2025-01-28 02:00:00,1578.68,Healthcare,Online,31.0,9.0,7.0,1,0,0,0.01
2025-01-22 10:00:00,724.79,Electronics,POS,68.0,3.0,5.0,1,0,0,0.03
2025-01-29 04:00:00,1297.29,Travel,POS,29.0,14.0,3.0,1,0,0,0.0
2025-01-27 06:00:00,1302.8,Entertainment,Online,18.0,11.0,7.0,1,1,0,0.01
2025-01-24 19:00:00,1343.19,Fashion,POS,59.0,14.0,8.0,1,0,0,0.01
2025-01-07 08:00:00,742.34,Fashion,ATM,58.0,4.0,5.0,1,0,0,0.03
2025-01-02 18:00:00,705.2,Fashion,ATM,20.0,3.0,9.0,0,0,0,0.02
2025-01-29 12:00:00,605.27,Grocery,POS,49.0,12.0,2.0,1,0,0,0.07
2025-01-02 17:00:00,1405.76,Grocery,POS,24.0,14.0,8.0,0,0,0,0.03
2025-01-29 22:00:00,1723.88,Entertainment,POS,53.0,13.0,4.0,1,0,0,0.02
2025-01-03 06:00:00,1390.9,Travel,Online,41.0,10.0,6.0,1,0,0,0.02
2025-01-25 12:00:00,1168.47,Fashion,Online,46.0,9.0,4.0,1,0,0,0.01
2025-01-21 19:00:00,1084.96,Entertainment,Online,58.0,3.0,3.0,1,0,0,0.01
2025-01-22 10:00:00,845.53,Travel,POS,68.0,12.0,6.0,1,0,0,0.01
2025-01-25 03:00:00,2005.07,Fuel,Online,30.0,8.0,7.0,1,0,0,0.02
2025-01-02 05:00:00,1745.42,Fashion,Online,45.0,7.0,7.0,1,0,0,0.0
2025-01-16 05:00:00,50.0,Fashion,POS,62.0,10.0,5.0,1,0,0,0.05
2025-01-29 10:00:00,1852.76,Healthcare,Online,31.0,13.0,3.0,0,0,0,0.02
2025-01-03 05:00:00,1401.18,Electronics,POS,67.0,11.0,6.0,1,0,0,0.01
2025-01-16 04:00:00,50.0,Travel,POS,40.0,4.0,9.0,1,0,0,0.05
2025-01-19 11:00:00,407.38,Healthcare,POS,68.0,9.0,4.0,1,0,0,0.02
2025-01-10 03:00:00,1355.03,Healthcare,POS,65.0,10.0,2.0,1,0,0,0.0
2025-01-10 15:00:00,1161.48,Travel,POS,41.0,6.0,2.0,1,0,0,0.0
2025-01-20 11:00:00,641.82,Healthcare,Online,33.0,12.0,7.0,1,0,0,0.07
2025-01-07 12:00:00,1412.91,Grocery,POS,27.0,5.0,3.0,1,0,0,0.01
2025-01-30 17:00:00,1721.86,Entertainment,ATM,43.0,11.0,9.0,1,0,0,0.04
2025-01-01 23:00:00,1558.03,Entertainment,POS,67.0,6.0,8.0,1,0,0,0.0
2025-01-11 18:00:00,1228.55,Travel,POS,39.0,14.0,2.0,1,0,0,0.0
2025-01-14 10:00:00,1399.05,Entertainment,ATM,29.0,5.0,2.0,0,0,0,0.02
2025-01-20 09:00:00,234.31,Fuel,Online,41.0,8.0,5.0,0,0,0,0.02
2025-01-25 08:00:00,1720.87,Fuel,POS,36.0,9.0,2.0,1,0,0,0.02
2025-01-27 14:00:00,1178.94,Fuel,Online,63.0,12.0,3.0,1,0,0,0.11
2025-01-16 03:00:00,810.86,Electronics,POS,48.0,14.0,5.0,1,0,0,0.06
2025-01-15 11:00:00,764.69,Entertainment,ATM,48.0,0.0,3.0,1,0,0,0.0
2025-01-15 23:00:00,1599.29,Fashion,Online,66.0,3.0,3.0,1,1,0,0.0
2025-01-13 02:00:00,1460.52,Fuel,ATM,40.0,4.0,8.0,1,0,0,0.02
2025-01-14 10:00:00,1563.51,Fuel,ATM,33.0,12.0,3.0,1,0,0,0.01
2025-01-25 17:00:00,695.75,Fashion,Online,68.0,5.0,7.0,1,0,0,0.0
2025-01-15 19:00:00,1585.25,Fashion,POS,67.0,0.0,9.0,1,0,0,0.01
2025-01-20 21:00:00,682.92,Travel,ATM,60.0,6.0,8.0,1,0,0,0.03
2025-01-17 12:00:00,1352.17,Travel,ATM,46.0,10.0,6.0,0,0,0,0.02
2025-01-17 10:00:00,1466.82,Fashion,POS,29.0,1.0,6.0,0,0,0,0.09
2025-01-07 03:00:00,1442.42,Fuel,Online,61.0,14.0,9.0,1,0,0,0.02
2025-01-14 22:00:00,1794.17,Fashion,ATM,60.0,10.0,2.0,1,0,0,0.01
2025-01-15 06:00:00,1381.79,Healthcare,Online,35.0,8.0,5.0,1,0,0,0.0
2025-01-14 06:00:00,1269.23,Travel,POS,27.0,14.0,3.0,1,0,0,0.0
2025-01-02 17:00:00,679.09,Travel,POS,44.0,8.0,9.0,1,0,0,0.0
2025-01-19 12:00:00,1565.56,Travel,Online,66.0,3.0,1.0,1,0,0,0.08
2025-01-14 22:00:00,1429.62,Fashion,Online,34.0,2.0,9.0,1,0,0,0.01
2025-01-05 00:00:00,1809.01,Fuel,Online,37.0,9.0,8.0,1,0,0,0.0
2025-01-27 23:00:00,1014.02,Healthcare,Online,53.0,9.0,5.0,1,0,0,0.0
2025-01-16 19:00:00,716.69,Electronics,Online,51.0,1.0,8.0,1,0,0,0.04
2025-01-04 16:00:00,514.65,Electronics,Online,53.0,11.0,7.0,1,0,0,0.03
2025-01-30 04:00:00,1072.88,Electronics,POS,63.0,14.0,1.0,1,0,0,0.04
2025-01-15 23:00:00,384.83,Travel,Online,55.0,14.0,2.0,1,0,0,0.03
2025-01-13 08:00:00,901.4,Grocery,Online,46.0,5.0,1.0,1,0,0,0.0
2025-01-08 10:00:00,1169.03,Fuel,Online,44.0,9.0,2.0,1,0,0,0.04
2025-01-20 04:00:00,137.45,Travel,Online,40.0,6.0,6.0,0,0,0,0.01
2025-01-09 09:00:00,662.9,Fashion,POS,53.0,6.0,2.0,1,0,0,0.0
2025-01-01 18:00:00,1410.5,Fuel,POS,30.0,2.0,6.0,1,0,0,0.01
2025-01-22 18:00:00,2055.78,Healthcare,Online,30.0,11.0,6.0,1,0,0,0.0
2025-01-17 23:00:00,568.84,Entertainment,POS,36.0,14.0,3.0,1,0,0,0.01
2025-01-29 17:00:00,1607.98,Fashion,Online,41.0,12.0,6.0,1,0,0,0.0
2025-01-26 04:00:00,748.06,Electronics,Online,69.0,0.0,4.0,1,0,0,0.0
2025-01-11 08:00:00,1739.71,Fuel,ATM,52.0,11.0,9.0,1,0,0,0.14
2025-01-13 10:00:00,1918.51,Entertainment,POS,62.0,14.0,8.0,1,0,0,0.02
2025-01-29 10:00:00,987.69,Healthcare,Online,55.0,0.0,1.0,0,0,0,0.0
2025-01-17 02:00:00,1096.73,Fuel,POS,59.0,7.0,4.0,0,0,0,0.2
2025-01-14 21:00:00,732.37,Entertainment,POS,25.0,4.0,2.0,1,0,0,0.01
2025-01-12 01:00:00,986.19,Travel,Online,69.0,9.0,5.0,0,0,0,0.0
2025-01-08 07:00:00,627.72,Entertainment,Online,41.0,1.0,8.0,1,0,0,0.0
2025-01-10 10:00:00,1539.44,Fuel,POS,64.0,5.0,6.0,1,0,0,0.01
2025-01-17 23:00:00,1247.35,Fashion,Online,44.0,7.0,4.0,1,0,0,0.0
2025-01-15 21:00:00,1001.52,Entertainment,POS,31.0,1.0,1.0,1,0,0,0.0
2025-01-02 23:00:00,1325.8,Healthcare,POS,64.0,3.0,8.0,1,0,0,0.0
2025-01-13 15:00:00,1673.72,Healthcare,Online,45.0,5.0,6.0,1,0,0,0.02
2025-01-23 22:00:00,1172.51,Fashion,Online,66.0,2.0,2.0,0,0,0,0.01
2025-01-01 05:00:00,1632.56,Fuel,POS,56.0,8.0,8.0,1,0,0,0.13
2025-01-24 17:00:00,1039.24,Grocery,Online,46.0,6.0,1.0,1,0,0,0.0
2025-01-14 00:00:00,787.15,Travel,Online,48.0,11.0,4.0,1,0,0,0.0
2025-01-03 13:00:00,1103.98,Grocery,POS,21.0,1.0,8.0,1,0,0,0.0
2025-01-06 00:00:00,1231.35,Healthcare,Online,34.0,7.0,6.0,1,0,0,0.0
2025-01-05 10:00:00,996.41,Travel,POS,46.0,1.0,7.0,1,0,0,0.0
2025-01-21 14:00:00,1969.77,Grocery,Online,25.0,6.0,8.0,1,0,0,0.04
2025-01-19 10:00:00,581.33,Grocery,ATM,45.0,8.0,1.0,1,0,0,0.01
2025-01-25 17:00:00,1750.59,Fashion,Online,40.0,1.0,7.0,1,0,0,0.0
2025-01-22 23:00:00,1086.15,Grocery,Online,68.0,5.0,7.0,1,0,0,0.04
2025-01-14 14:00:00,1468.8,Healthcare,Online,32.0,10.0,6.0,1,0,0,0.0
2025-01-20 05:00:00,1468.32,Healthcare,POS,65.0,3.0,1.0,1,0,0,0.07
2025-01-04 23:00:00,1479.32,Healthcare,Online,46.0,13.0,1.0,1,0,0,0.02
2025-01-09 08:00:00,1067.6,Healthcare,Online,48.0,12.0,5.0,1,0,0,0.0
2025-01-11 18:00:00,1563.08,Healthcare,POS,50.0,8.0,5.0,1,0,0,0.01
2025-01-26 14:00:00,1229.9,Grocery,POS,67.0,0.0,7.0,1,1,0,0.0
2025-01-16 16:00:00,2171.13,Entertainment,Online,30.0,12.0,5.0,1,0,0,0.01
2025-01-16 12:00:00,2468.12,Healthcare,Online,56.0,8.0,3.0,1,0,0,0.0
2025-01-02 07:00:00,469.43,Travel,Online,30.0,9.0,7.0,1,0,0,0.03
2025-01-28 01:00:00,1244.93,Electronics,Online,40.0,14.0,1.0,1,0,0,0.01
2025-01-03 20:00:00,873.54,Grocery,POS,40.0,2.0,7.0,1,1,0,0.01
2025-01-19 00:00:00,932.1,Healthcare,ATM,65.0,2.0,5.0,1,0,0,0.06
2025-01-12 12:00:00,1579.39,Grocery,Online,20.0,11.0,3.0,1,0,0,0.01
2025-01-15 23:00:00,729.86,Electronics,Online,18.0,0.0,5.0,1,0,0,0.0
2025-01-16 10:00:00,479.63,Healthcare,POS,63.0,1.0,9.0,1,0,0,0.0
2025-01-07 17:00:00,1012.03,Electronics,POS,47.0,3.0,7.0,0,0,0,0.0
2025-01-24 01:00:00,50.0,Entertainment,POS,43.0,0.0,9.0,1,0,0,0.01
2025-01-14 09:00:00,1115.34,Grocery,POS,50.0,14.0,7.0,1,0,0,0.0
2025-01-01 15:00:00,1512.63,Grocery,ATM,25.0,14.0,6.0,1,0,0,0.01
2025-01-29 16:00:00,1356.4,Fashion,Online,18.0,7.0,4.0,1,0,0,0.01
2025-01-06 13:00:00,1230.92,Travel,Online,48.0,11.0,8.0,1,0,0,0.0
2025-01-17 06:00:00,1178.79,Healthcare,POS,30.0,3.0,2.0,1,0,0,0.0
2025-01-11 23:00:00,1527.01,Fuel,Online,28.0,9.0,5.0,1,0,0,0.01
2025-01-14 14:00:00,1211.0,Healthcare,Online,37.0,0.0,5.0,1,0,0,0.0
2025-01-26 11:00:00,1672.07,Fuel,Online,30.0,8.0,9.0,1,0,0,0.01
2025-01-28 17:00:00,1301.66,Travel,Online,40.0,12.0,5.0,0,0,0,0.0
2025-01-01 10:00:00,660.63,Fashion,Online,44.0,8.0,2.0,1,0,0,0.0
2025-01-13 08:00:00,541.92,Grocery,Online,24.0,9.0,7.0,1,0,0,0.01
2025-01-24 14:00:00,885.06,Grocery,Online,23.0,4.0,6.0,1,0,0,0.02
2025-01-15 20:00:00,1733.12,Fuel,POS,25.0,3.0,5.0,1,0,0,0.09
2025-01-06 17:00:00,391.14,Fashion,ATM,62.0,4.0,8.0,0,0,0,0.05
2025-01-06 03:00:00,1269.48,Fashion,Online,19.0,7.0,1.0,1,0,0,0.01
2025-01-18 05:00:00,891.15,Fuel,POS,54.0,14.0,6.0,1,0,0,0.01
2025-01-06 03:00:00,2018.22,Entertainment,POS,52.0,5.0,2.0,1,0,0,0.01
2025-01-03 11:00:00,626.49,Travel,Online,57.0,12.0,5.0,1,0,0,0.02
2025-01-07 17:00:00,1616.28,Grocery,POS,30.0,3.0,5.0,1,0,0,0.01
2025-01-18 11:00:00,1867.64,Travel,ATM,22.0,2.0,3.0,1,0,0,0.0
2025-01-14 20:00:00,1802.04,Grocery,POS,47.0,11.0,4.0,1,0,0,0.13
2025-01-21 00:00:00,286.62,Fuel,Online,57.0,6.0,5.0,1,0,0,0.08
2025-01-30 06:00:00,549.94,Entertainment,POS,40.0,8.0,6.0,1,0,0,0.0
2025-01-20 10:00:00,801.69,Travel,Online,41.0,6.0,4.0,1,0,0,0.0
2025-01-24 13:00:00,1754.52,Healthcare,Online,45.0,14.0,7.0,1,0,0,0.01
2025-01-11 06:00:00,869.1,Entertainment,ATM,59.0,1.0,8.0,1,0,0,0.0
2025-01-29 20:00:00,1308.24,Travel,POS,62.0,8.0,2.0,0,0,0,0.02
2025-01-24 09:00:00,761.19,Fuel,POS,33.0,12.0,2.0,1,0,0,0.0
2025-01-06 03:00:00,1807.62,Fuel,POS,26.0,5.0,8.0,0,0,0,0.07
2025-01-25 02:00:00,892.16,Healthcare,Online,66.0,1.0,8.0,1,0,0,0.0
2025-01-01 16:00:00,1566.99,Grocery,POS,61.0,10.0,7.0,1,0,0,0.03
2025-01-01 17:00:00,2119.23,Travel,Online,26.0,2.0,5.0,1,1,0,0.15
2025-01-23 08:00:00,1684.22,Fuel,Online,42.0,9.0,9.0,1,0,0,0.04
2025-01-28 01:00:00,1869.0,Travel,POS,57.0,3.0,3.0,1,0,0,0.01
2025-01-11 14:00:00,2137.14,Healthcare,POS,24.0,1.0,2.0,1,0,0,0.0
2025-01-17 08:00:00,492.48,Grocery,Online,66.0,12.0,6.0,1,0,0,0.0
2025-01-28 06:00:00,1085.38,Entertainment,ATM,42.0,13.0,3.0,1,0,0,0.0
2025-01-26 04:00:00,837.24,Entertainment,Online,31.0,5.0,7.0,1,0,0,0.04
2025-01-25 11:00:00,1526.18,Travel,Online,52.0,11.0,5.0,0,0,0,0.01
2025-01-15 10:00:00,1520.94,Healthcare,Online,36.0,4.0,4.0,1,0,0,0.0
2025-01-27 06:00:00,1156.59,Entertainment,Online,38.0,2.0,9.0,1,0,0,0.0
2025-01-29 05:00:00,1238.64,Healthcare,POS,46.0,6.0,5.0,1,0,0,0.02
2025-01-07 20:00:00,1304.06,Electronics,Online,47.0,12.0,8.0,0,0,0,0.0
2025-01-16 04:00:00,1648.64,Fashion,Online,62.0,3.0,4.0,1,0,0,0.0
2025-01-03 06:00:00,602.98,Entertainment,Online,51.0,12.0,4.0,1,0,0,0.03
2025-01-27 00:00:00,1722.25,Travel,Online,61.0,8.0,4.0,1,0,0,0.02
2025-01-15 22:00:00,2325.39,Travel,ATM,46.0,13.0,9.0,1,0,0,0.16
2025-01-12 06:00:00,907.54,Electronics,ATM,30.0,5.0,2.0,1,0,0,0.0
2025-01-10 04:00:00,1358.96,Grocery,POS,67.0,14.0,8.0,1,1,0,0.03
2025-01-20 06:00:00,1001.12,Entertainment,ATM,42.0,7.0,5.0,1,0,0,0.16
2025-01-29 19:00:00,1507.1,Electronics,POS,49.0,1.0,9.0,1,0,0,0.0
2025-01-06 16:00:00,358.99,Fashion,POS,61.0,2.0,7.0,1,0,0,0.01
2025-01-04 19:00:00,1050.78,Healthcare,POS,49.0,2.0,1.0,0,0,0,0.0
2025-01-13 05:00:00,1514.63,Entertainment,Online,37.0,10.0,9.0,1,0,0,0.0
2025-01-05 16:00:00,1384.31,Fuel,Online,45.0,7.0,8.0,1,0,0,0.0
2025-01-26 08:00:00,1008.64,Healthcare,POS,28.0,14.0,5.0,1,0,0,0.01
2025-01-23 01:00:00,1135.66,Electronics,Online,61.0,11.0,5.0,1,0,0,0.01
2025-01-29 12:00:00,1001.89,Travel,ATM,36.0,13.0,7.0,1,0,0,0.0
2025-01-12 04:00:00,2022.46,Entertainment,POS,59.0,1.0,9.0,1,0,0,0.0
2025-01-21 03:00:00,610.24,Fashion,POS,59.0,12.0,7.0,1,0,0,0.02
2025-01-20 02:00:00,745.9,Grocery,ATM,25.0,12.0,8.0,1,0,0,0.02
2025-01-02 03:00:00,1067.4,Healthcare,Online,23.0,9.0,2.0,1,0,0,0.06
2025-01-19 03:00:00,1427.08,Fuel,Online,18.0,4.0,4.0,1,0,0,0.01
2025-01-28 13:00:00,1916.61,Entertainment,ATM,68.0,13.0,6.0,0,0,0,0.0
2025-01-19 11:00:00,319.08,Electronics,Online,27.0,10.0,3.0,1,0,0,0.0
2025-01-06 05:00:00,1387.23,Entertainment,Online,58.0,1.0,7.0,1,0,0,0.0
2025-01-13 09:00:00,589.31,Grocery,POS,42.0,3.0,8.0,1,0,0,0.29
2025-01-01 00:00:00,402.34,Fashion,ATM,29.0,4.0,7.0,1,0,0,0.03
2025-01-22 10:00:00,1005.78,Fashion,Online,51.0,7.0,9.0,1,0,0,0.01
2025-01-14 22:00:00,789.8,Entertainment,Online,40.0,9.0,4.0,0,0,0,0.0
2025-01-10 23:00:00,1219.02,Healthcare,POS,44.0,2.0,6.0,1,0,0,0.0
2025-01-13 13:00:00,2031.09,Electronics,Online,62.0,0.0,1.0,1,0,0,0.01
2025-01-13 23:00:00,354.97,Grocery,POS,52.0,1.0,3.0,1,0,0,0.0
2025-01-18 09:00:00,1806.91,Fuel,Online,44.0,12.0,1.0,1,0,0,0.01
2025-01-05 13:00:00,719.85,Travel,ATM,42.0,14.0,6.0,1,0,0,0.19
2025-01-03 08:00:00,1715.77,Healthcare,POS,38.0,11.0,9.0,1,0,0,0.0
2025-01-10 22:00:00,1447.86,Electronics,POS,30.0,9.0,7.0,1,0,0,0.01
2025-01-11 20:00:00,1028.79,Travel,Online,37.0,1.0,8.0,1,0,0,0.2
2025-01-04 07:00:00,1789.22,Entertainment,ATM,64.0,0.0,7.0,1,0,0,0.01
2025-01-20 05:00:00,1690.59,Travel,Online,46.0,13.0,6.0,1,0,0,0.16
2025-01-01 04:00:00,1696.27,Travel,Online,55.0,13.0,4.0,1,0,0,0.0
2025-01-25 13:00:00,863.45,Healthcare,Online,50.0,2.0,7.0,0,0,0,0.16
2025-01-22 20:00:00,1261.04,Fuel,Online,59.0,3.0,4.0,1,0,0,0.16
2025-01-25 12:00:00,675.86,Healthcare,POS,59.0,0.0,9.0,1,1,0,0.0
2025-01-02 08:00:00,1636.69,Healthcare,Online,61.0,11.0,2.0,1,0,0,0.02
2025-01-05 15:00:00,2100.37,Grocery,Online,42.0,14.0,5.0,1,0,0,0.18
2025-01-28 07:00:00,1321.57,Entertainment,Online,44.0,1.0,8.0,1,0,0,0.01
2025-01-02 12:00:00,142.24,Travel,Online,26.0,4.0,5.0,1,0,0,0.01
2025-01-24 11:00:00,1957.56,Fashion,POS,47.0,14.0,6.0,1,0,0,0.08
2025-01-06 11:00:00,780.28,Fuel,Online,48.0,7.0,5.0,1,0,0,0.03
2025-01-12 16:00:00,515.39,Electronics,POS,19.0,1.0,1.0,1,0,0,0.0
2025-01-21 11:00:00,683.4,Fashion,Online,39.0,11.0,3.0,1,0,0,0.01
2025-01-08 23:00:00,1520.41,Fashion,POS,60.0,11.0,9.0,1,0,0,0.0
2025-01-10 15:00:00,593.86,Fuel,Online,52.0,10.0,5.0,0,0,0,0.03
2025-01-15 13:00:00,448.6,Healthcare,POS,59.0,7.0,7.0,1,0,0,0.25
2025-01-19 03:00:00,306.56,Entertainment,Online,51.0,5.0,7.0,1,0,0,0.02
2025-01-19 14:00:00,1186.62,Grocery,POS,33.0,1.0,7.0,1,0,0,0.0
2025-01-10 09:00:00,1579.51,Fashion,POS,37.0,7.0,4.0,1,0,0,0.01
2025-01-15 00:00:00,316.81,Entertainment,POS,56.0,1.0,4.0,1,0,0,0.02
2025-01-14 10:00:00,1450.58,Travel,ATM,44.0,9.0,4.0,1,0,0,0.04
2025-01-06 01:00:00,833.9,Electronics,POS,51.0,14.0,1.0,1,0,0,0.02
2025-01-05 16:00:00,1084.93,Grocery,POS,26.0,5.0,3.0,1,0,0,0.01
2025-01-08 00:00:00,1231.01,Fashion,Online,35.0,9.0,3.0,1,0,0,0.0
2025-01-22 08:00:00,909.38,Healthcare,ATM,67.0,12.0,9.0,1,0,0,0.03
2025-01-19 16:00:00,1420.9,Fashion,Online,40.0,6.0,9.0,1,0,0,0.0
2025-01-13 23:00:00,1985.43,Entertainment,POS,30.0,10.0,8.0,1,0,0,0.0
2025-01-10 03:00:00,1412.74,Fuel,Online,25.0,14.0,7.0,1,0,0,0.0
2025-01-23 19:00:00,805.52,Travel,Online,24.0,7.0,1.0,1,0,0,0.0
2025-01-18 21:00:00,1423.49,Fuel,Online,44.0,12.0,3.0,1,1,0,0.11
2025-01-17 20:00:00,1186.12,Electronics,Online,66.0,11.0,5.0,1,0,0,0.05
2025-01-21 01:00:00,1951.98,Travel,ATM,56.0,11.0,2.0,1,0,0,0.0
2025-01-13 15:00:00,315.82,Travel,POS,31.0,10.0,9.0,1,0,0,0.0
2025-01-15 22:00:00,1190.97,Healthcare,Online,24.0,12.0,2.0,1,0,0,0.2
2025-01-24 05:00:00,1552.67,Healthcare,POS,19.0,2.0,8.0,1,0,0,0.01
2025-01-15 03:00:00,374.12,Fashion,Online,61.0,6.0,8.0,1,0,0,0.01
2025-01-22 00:00:00,1217.81,Fuel,POS,18.0,4.0,9.0,1,1,0,0.02
2025-01-09 12:00:00,1118.42,Fuel,POS,50.0,10.0,1.0,1,0,0,0.07
2025-01-18 15:00:00,1250.38,Electronics,Online,68.0,3.0,1.0,1,0,0,0.02
2025-01-05 21:00:00,446.36,Travel,Online,40.0,10.0,3.0,1,0,0,0.0
2025-01-13 10:00:00,50.0,Healthcare,POS,48.0,3.0,9.0,1,0,0,0.0
2025-01-30 14:00:00,1767.57,Travel,Online,55.0,3.0,5.0,1,0,0,0.17
2025-01-15 03:00:00,2690.9,Fashion,POS,64.0,13.0,1.0,1,0,0,0.05
2025-01-10 11:00:00,796.52,Electronics,POS,29.0,6.0,1.0,1,0,0,0.0
2025-01-20 20:00:00,1436.04,Grocery,POS,36.0,8.0,4.0,1,0,0,0.02
2025-01-16 03:00:00,1068.82,Travel,POS,45.0,14.0,2.0,1,0,0,0.03
2025-01-29 18:00:00,1274.52,Fuel,Online,39.0,1.0,3.0,1,0,0,0.11
2025-01-25 12:00:00,976.74,Travel,POS,26.0,10.0,5.0,1,0,0,0.0
2025-01-12 20:00:00,1041.57,Travel,POS,35.0,7.0,5.0,1,0,0,0.0
2025-01-10 09:00:00,1650.72,Electronics,POS,56.0,11.0,9.0,1,0,0,0.0
2025-01-08 08:00:00,1432.33,Electronics,Online,56.0,10.0,5.0,1,0,0,0.0
2025-01-18 11:00:00,528.02,Fashion,Online,54.0,9.0,2.0,1,0,0,0.0
2025-01-15 17:00:00,1662.1,Travel,POS,67.0,3.0,4.0,1,0,0,0.0
2025-01-17 08:00:00,1021.94,Fashion,Online,66.0,2.0,3.0,1,0,0,0.01
2025-01-09 14:00:00,1449.58,Fuel,Online,63.0,13.0,9.0,0,0,0,0.0
2025-01-12 15:00:00,1393.6,Healthcare,ATM,27.0,11.0,3.0,1,0,0,0.0
2025-01-07 17:00:00,1301.01,Grocery,POS,44.0,12.0,2.0,1,0,0,0.0
2025-01-20 02:00:00,859.92,Travel,POS,30.0,0.0,3.0,1,0,0,0.01
2025-01-23 18:00:00,1558.92,Travel,Online,55.0,4.0,3.0,1,0,0,0.01
2025-01-29 23:00:00,1361.32,Healthcare,ATM,51.0,13.0,5.0,0,0,0,0.0
2025-01-13 02:00:00,1375.18,Entertainment,POS,51.0,6.0,1.0,1,0,0,0.0
2025-01-05 23:00:00,790.17,Fuel,POS,61.0,3.0,7.0,1,0,0,0.01
2025-01-25 04:00:00,2572.58,Grocery,Online,54.0,1.0,4.0,1,0,0,0.0
2025-01-03 01:00:00,1082.76,Fashion,POS,54.0,2.0,7.0,1,0,0,0.01
2025-01-26 15:00:00,942.45,Entertainment,ATM,67.0,8.0,2.0,1,1,0,0.02
2025-01-06 14:00:00,1747.76,Electronics,Online,41.0,4.0,9.0,1,0,0,0.04
2025-01-22 21:00:00,939.34,Grocery,Online,40.0,6.0,9.0,1,0,0,0.03
2025-01-28 02:00:00,1736.32,Healthcare,POS,34.0,7.0,5.0,1,0,0,0.01
2025-01-08 21:00:00,2064.73,Electronics,Online,36.0,3.0,5.0,1,0,0,0.02
2025-01-27 09:00:00,1149.71,Travel,Online,22.0,8.0,2.0,1,0,0,0.01
2025-01-15 17:00:00,1300.35,Fashion,POS,60.0,13.0,9.0,1,0,0,0.0
2025-01-20 16:00:00,916.37,Electronics,POS,53.0,6.0,1.0,1,0,0,0.01
2025-01-13 23:00:00,763.76,Grocery,POS,23.0,5.0,1.0,1,0,0,0.0
2025-01-09 01:00:00,1021.62,Fuel,Online,38.0,10.0,9.0,1,0,0,0.0
2025-01-19 07:00:00,941.63,Fashion,POS,64.0,13.0,6.0,1,0,0,0.01
2025-01-22 18:00:00,461.6,Entertainment,Online,27.0,14.0,3.0,1,0,0,0.01
2025-01-24 07:00:00,1334.25,Fuel,Online,69.0,4.0,9.0,1,0,0,0.01
2025-01-01 18:00:00,1469.88,Fashion,Online,50.0,1.0,8.0,1,0,0,0.0
2025-01-07 01:00:00,1436.38,Electronics,ATM,66.0,3.0,8.0,1,0,0,0.03
2025-01-13 13:00:00,1688.42,Travel,ATM,47.0,4.0,1.0,0,0,0,0.0
2025-01-15 09:00:00,1148.57,Entertainment,POS,29.0,1.0,2.0,1,0,0,0.0
2025-01-06 08:00:00,1170.74,Fashion,Online,48.0,2.0,9.0,1,0,0,0.0
2025-01-14 16:00:00,640.04,Fashion,Online,22.0,2.0,1.0,1,0,0,0.03
2025-01-26 14:00:00,836.14,Grocery,POS,49.0,9.0,7.0,1,0,0,0.0
2025-01-21 12:00:00,1075.84,Grocery,POS,30.0,9.0,4.0,1,0,0,0.02
2025-01-09 05:00:00,1670.51,Entertainment,Online,56.0,10.0,4.0,1,0,0,0.18
2025-01-08 23:00:00,929.97,Fuel,Online,62.0,14.0,7.0,1,0,0,0.01
2025-01-21 02:00:00,2557.57,Electronics,ATM,39.0,6.0,2.0,0,0,0,0.14
2025-01-21 01:00:00,1519.0,Fashion,ATM,28.0,0.0,4.0,1,0,0,0.01
2025-01-22 18:00:00,872.56,Travel,POS,38.0,8.0,1.0,1,0,0,0.03
2025-01-15 00:00:00,2131.5,Healthcare,Online,57.0,1.0,3.0,1,0,0,0.01
2025-01-16 18:00:00,924.64,Electronics,Online,35.0,8.0,6.0,1,0,0,0.0
2025-01-23 13:00:00,1605.0,Fuel,Online,57.0,11.0,4.0,1,0,0,0.08
2025-01-12 10:00:00,828.42,Electronics,POS,38.0,8.0,7.0,1,0,0,0.04
2025-01-23 04:00:00,1563.13,Healthcare,Online,35.0,6.0,8.0,1,0,0,0.0
2025-01-06 22:00:00,952.34,Travel,POS,45.0,0.0,3.0,1,0,0,0.0
2025-01-20 01:00:00,1384.19,Entertainment,POS,46.0,10.0,6.0,1,0,0,0.0
2025-01-20 05:00:00,80.86,Fuel,POS,67.0,10.0,3.0,1,0,0,0.1
2025-01-12 20:00:00,1314.28,Entertainment,POS,51.0,0.0,2.0,1,0,0,0.01
2025-01-28 21:00:00,2125.67,Travel,Online,43.0,0.0,6.0,1,0,0,0.01
2025-01-06 00:00:00,2220.66,Fuel,POS,24.0,10.0,1.0,1,0,0,0.09
2025-01-14 19:00:00,1300.13,Travel,POS,65.0,5.0,9.0,1,0,0,0.01
2025-01-26 21:00:00,587.65,Entertainment,ATM,28.0,8.0,2.0,1,0,0,0.0
2025-01-05 18:00:00,1520.21,Healthcare,POS,28.0,13.0,9.0,1,0,0,0.01
2025-01-24 21:00:00,1359.43,Entertainment,ATM,20.0,14.0,5.0,1,0,0,0.02
2025-01-26 05:00:00,1545.92,Fashion,Online,39.0,3.0,3.0,1,0,0,0.0
2025-01-30 13:00:00,426.59,Grocery,POS,28.0,10.0,3.0,1,0,0,0.05
2025-01-12 07:00:00,865.78,Entertainment,POS,62.0,2.0,6.0,1,0,0,0.0
2025-01-03 07:00:00,1317.67,Healthcare,Online,26.0,14.0,9.0,1,0,0,0.01
2025-01-21 12:00:00,1395.85,Travel,Online,38.0,7.0,6.0,1,1,0,0.01
2025-01-30 11:00:00,2137.35,Grocery,POS,59.0,3.0,6.0,1,0,0,0.01
2025-01-08 17:00:00,1241.36,Fashion,POS,69.0,11.0,5.0,1,0,0,0.0
2025-01-26 22:00:00,955.24,Fashion,POS,51.0,8.0,8.0,1,0,0,0.01
2025-01-27 16:00:00,248.0,Electronics,Online,66.0,2.0,8.0,1,0,0,0.0
2025-01-30 17:00:00,1847.91,Entertainment,Online,60.0,11.0,7.0,1,0,0,0.02
2025-01-21 14:00:00,1630.99,Grocery,POS,37.0,11.0,9.0,1,0,0,0.02
2025-01-17 16:00:00,1259.22,Fashion,Online,22.0,4.0,6.0,1,0,0,0.0
2025-01-22 14:00:00,1108.52,Fuel,POS,33.0,13.0,6.0,1,0,0,0.02
2025-01-04 13:00:00,799.45,Grocery,Online,45.0,0.0,4.0,1,0,0,0.02
2025-01-15 03:00:00,1166.59,Grocery,Online,43.0,11.0,2.0,1,0,0,0.03
2025-01-25 22:00:00,757.24,Travel,Online,35.0,1.0,6.0,1,0,0,0.09
2025-01-21 00:00:00,1457.52,Entertainment,POS,47.0,10.0,2.0,1,0,0,0.09
2025-01-14 00:00:00,1184.9,Travel,Online,32.0,8.0,5.0,1,0,0,0.01
2025-01-28 06:00:00,1126.42,Fuel,Online,20.0,1.0,6.0,1,0,0,0.01
2025-01-13 04:00:00,1175.99,Fashion,POS,61.0,12.0,4.0,1,0,0,0.01
2025-01-03 14:00:00,1593.41,Healthcare,POS,67.0,10.0,8.0,1,1,0,0.0
2025-01-02 19:00:00,1528.63,Healthcare,Online,59.0,7.0,9.0,1,0,0,0.0
2025-01-25 16:00:00,757.54,Fashion,Online,36.0,8.0,9.0,1,0,0,0.03
2025-01-16 20:00:00,1791.48,Grocery,POS,69.0,8.0,4.0,1,0,0,0.03
2025-01-12 01:00:00,1312.55,Fashion,POS,22.0,14.0,7.0,1,0,0,0.04
2025-01-09 16:00:00,1613.73,Fashion,Online,30.0,11.0,7.0,1,0,0,0.01
2025-01-04 08:00:00,1567.61,Electronics,Online,29.0,11.0,2.0,1,0,0,0.01
2025-01-30 04:00:00,1544.49,Fashion,Online,64.0,6.0,1.0,0,0,0,0.04
2025-01-25 17:00:00,1703.45,Entertainment,POS,30.0,9.0,9.0,1,0,0,0.0
2025-01-21 16:00:00,1007.12,Travel,Online,19.0,1.0,8.0,1,0,0,0.0
2025-01-09 15:00:00,971.58,Travel,ATM,48.0,12.0,6.0,1,0,0,0.02
2025-01-17 11:00:00,1160.34,Entertainment,Online,19.0,8.0,7.0,1,0,0,0.03
2025-01-04 03:00:00,1657.01,Travel,POS,21.0,3.0,9.0,1,0,0,0.09
2025-01-29 07:00:00,1671.13,Travel,POS,26.0,8.0,2.0,1,0,0,0.07
2025-01-04 02:00:00,616.84,Entertainment,Online,23.0,1.0,9.0,1,0,0,0.06
2025-01-09 01:00:00,1004.65,Fashion,Online,23.0,14.0,2.0,0,0,0,0.0
2025-01-30 00:00:00,1762.38,Fashion,Online,52.0,10.0,2.0,1,0,0,0.0
2025-01-24 16:00:00,1267.85,Travel,POS,52.0,0.0,8.0,1,0,0,0.0
2025-01-11 07:00:00,1790.4,Healthcare,POS,19.0,8.0,3.0,1,0,0,0.03
2025-01-12 18:00:00,1572.99,Electronics,Online,40.0,12.0,9.0,1,0,0,0.0
2025-01-21 22:00:00,1313.08,Electronics,Online,26.0,9.0,8.0,1,0,0,0.05
2025-01-12 04:00:00,940.7,Healthcare,Online,60.0,8.0,9.0,1,0,0,0.02
2025-01-05 06:00:00,1431.48,Healthcare,Online,64.0,6.0,9.0,1,0,0,0.0
2025-01-10 19:00:00,1224.77,Electronics,Online,33.0,5.0,7.0,1,0,0,0.02
2025-01-04 03:00:00,869.29,Grocery,Online,54.0,7.0,5.0,1,0,0,0.26
2025-01-04 03:00:00,1140.41,Healthcare,POS,57.0,7.0,9.0,1,0,0,0.16
2025-01-23 04:00:00,665.04,Electronics,POS,32.0,3.0,9.0,1,0,0,0.0
2025-01-29 06:00:00,898.6,Electronics,Online,59.0,8.0,1.0,1,0,0,0.0
2025-01-01 22:00:00,1267.01,Fuel,POS,52.0,13.0,5.0,1,0,0,0.0
2025-01-26 09:00:00,786.07,Travel,POS,33.0,9.0,9.0,1,0,0,0.0
2025-01-11 17:00:00,1179.89,Travel,Online,41.0,8.0,2.0,1,0,0,0.0
2025-01-08 17:00:00,2017.33,Fuel,POS,36.0,5.0,2.0,1,0,0,0.04
2025-01-09 23:00:00,1272.58,Fashion,Online,28.0,9.0,5.0,1,0,0,0.02
2025-01-23 22:00:00,2156.17,Fashion,POS,64.0,9.0,5.0,1,1,0,0.01
2025-01-05 06:00:00,845.9,Fashion,Online,43.0,12.0,7.0,1,0,0,0.02
2025-01-09 23:00:00,1197.78,Travel,ATM,28.0,14.0,6.0,1,0,0,0.03
2025-01-21 08:00:00,1618.19,Fuel,Online,67.0,1.0,6.0,1,0,0,0.45
2025-01-16 06:00:00,699.63,Travel,Online,40.0,13.0,8.0,1,0,0,0.0
2025-01-01 23:00:00,1721.27,Electronics,Online,39.0,1.0,6.0,0,0,0,0.0
2025-01-10 23:00:00,1296.34,Grocery,POS,57.0,12.0,1.0,1,0,0,0.01
2025-01-22 15:00:00,2493.03,Healthcare,POS,33.0,6.0,6.0,1,0,0,0.0
2025-01-05 07:00:00,1133.39,Entertainment,Online,37.0,14.0,2.0,1,0,0,0.1
2025-01-30 21:00:00,1341.15,Entertainment,Online,18.0,3.0,5.0,1,0,0,0.0
2025-01-07 18:00:00,997.68,Electronics,POS,67.0,7.0,4.0,1,0,0,0.09
2025-01-10 09:00:00,1223.58,Fuel,POS,63.0,0.0,3.0,1,0,0,0.02
2025-01-25 13:00:00,1629.62,Grocery,Online,22.0,12.0,8.0,0,0,0,0.06
2025-01-23 20:00:00,2400.2,Fuel,POS,37.0,12.0,6.0,1,0,0,0.07
2025-01-27 15:00:00,1754.02,Electronics,Online,59.0,2.0,6.0,1,0,0,0.0
2025-01-27 10:00:00,694.26,Entertainment,Online,49.0,3.0,8.0,1,0,0,0.0
2025-01-15 07:00:00,1526.29,Fuel,Online,35.0,0.0,9.0,1,0,0,0.0
2025-01-01 13:00:00,710.62,Electronics,Online,62.0,7.0,2.0,1,0,0,0.18
2025-01-20 02:00:00,924.74,Fuel,POS,53.0,13.0,8.0,1,0,0,0.03
2025-01-27 11:00:00,1465.69,Entertainment,POS,41.0,3.0,2.0,1,0,0,0.0
2025-01-13 20:00:00,1125.69,Fuel,Online,58.0,12.0,4.0,1,0,0,0.0
2025-01-25 02:00:00,1738.05,Travel,POS,28.0,6.0,8.0,0,0,0,0.01
2025-01-16 13:00:00,1354.65,Electronics,ATM,65.0,8.0,2.0,1,0,0,0.0
2025-01-10 02:00:00,1180.07,Healthcare,ATM,34.0,11.0,9.0,1,0,0,0.01
2025-01-12 12:00:00,1601.02,Healthcare,POS,51.0,4.0,7.0,1,0,0,0.05
2025-01-02 21:00:00,842.63,Healthcare,POS,47.0,14.0,2.0,0,0,0,0.01
2025-01-31 00:00:00,1379.2,Grocery,ATM,49.0,8.0,5.0,1,0,0,0.0
2025-01-27 03:00:00,1007.94,Travel,Online,41.0,6.0,6.0,1,0,0,0.09
2025-01-10 18:00:00,1244.65,Healthcare,POS,43.0,3.0,4.0,1,1,0,0.01
2025-01-23 00:00:00,1027.43,Fuel,Online,48.0,13.0,2.0,0,0,0,0.0
2025-01-20 01:00:00,1096.51,Electronics,POS,55.0,7.0,5.0,1,0,0,0.0
2025-01-05 12:00:00,1113.71,Healthcare,POS,24.0,0.0,2.0,1,0,0,0.0
2025-01-30 05:00:00,809.61,Electronics,POS,39.0,4.0,6.0,1,0,0,0.0
2025-01-05 13:00:00,1473.52,Fuel,Online,54.0,12.0,8.0,1,0,0,0.23
2025-01-15 11:00:00,1323.34,Grocery,Online,50.0,13.0,3.0,1,0,0,0.02
2025-01-14 07:00:00,1678.17,Grocery,POS,54.0,8.0,9.0,1,0,0,0.01
2025-01-01 16:00:00,2028.55,Entertainment,Online,55.0,14.0,9.0,1,0,0,0.01
2025-01-01 10:00:00,1172.04,Healthcare,Online,53.0,10.0,7.0,1,0,0,0.0
2025-01-22 16:00:00,454.67,Healthcare,Online,69.0,11.0,7.0,1,0,0,0.01
2025-01-26 16:00:00,1288.28,Entertainment,Online,32.0,9.0,4.0,1,0,0,0.01
2025-01-24 01:00:00,1634.92,Grocery,Online,21.0,13.0,2.0,0,0,0,0.06
2025-01-11 16:00:00,1356.77,Electronics,ATM,33.0,8.0,4.0,1,0,0,0.0
2025-01-13 08:00:00,365.18,Travel,POS,53.0,0.0,5.0,1,0,0,0.01
2025-01-07 03:00:00,126.97,Fashion,Online,58.0,1.0,1.0,1,0,0,0.01
2025-01-10 10:00:00,438.85,Grocery,POS,38.0,8.0,2.0,1,0,0,0.02
2025-01-25 11:00:00,1366.98,Grocery,POS,65.0,9.0,1.0,1,0,0,0.05
2025-01-28 01:00:00,1760.84,Healthcare,Online,38.0,2.0,1.0,1,0,0,0.02
2025-01-08 01:00:00,1546.94,Grocery,POS,67.0,13.0,4.0,1,0,0,0.02
2025-01-27 11:00:00,898.5,Fuel,Online,36.0,12.0,9.0,1,0,0,0.0
2025-01-23 17:00:00,858.73,Entertainment,Online,26.0,2.0,8.0,1,0,0,0.0
2025-01-16 04:00:00,1225.52,Electronics,POS,55.0,9.0,8.0,1,0,0,0.0
2025-01-17 15:00:00,1530.45,Electronics,Online,58.0,7.0,5.0,1,0,0,0.06
2025-01-04 21:00:00,659.35,Fuel,Online,59.0,0.0,4.0,1,0,0,0.01
2025-01-02 07:00:00,1675.6,Grocery,ATM,68.0,12.0,6.0,1,0,0,0.02
2025-01-13 16:00:00,967.62,Healthcare,POS,42.0,7.0,9.0,1,0,0,0.01
2025-01-17 22:00:00,738.91,Grocery,Online,57.0,13.0,4.0,1,0,0,0.01
2025-01-24 08:00:00,1076.96,Entertainment,Online,64.0,11.0,5.0,1,0,0,0.02
2025-01-28 12:00:00,530.37,Entertainment,POS,37.0,11.0,9.0,1,0,0,0.01
2025-01-09 18:00:00,1775.74,Fashion,Online,32.0,9.0,7.0,1,0,0,0.02
2025-01-24 09:00:00,667.88,Fashion,POS,58.0,2.0,2.0,1,0,0,0.0
2025-01-15 09:00:00,997.45,Grocery,Online,42.0,12.0,6.0,1,0,0,0.01
2025-01-10 12:00:00,1581.71,Travel,POS,64.0,10.0,3.0,0,0,0,0.01
2025-01-13 02:00:00,1634.56,Fashion,POS,60.0,4.0,4.0,1,0,0,0.01
2025-01-03 19:00:00,1536.91,Healthcare,Online,18.0,7.0,8.0,1,0,0,0.09
2025-01-18 00:00:00,1161.86,Fuel,Online,58.0,8.0,9.0,1,0,0,0.0
2025-01-27 19:00:00,1313.21,Entertainment,Online,30.0,13.0,9.0,1,0,0,0.0
2025-01-19 05:00:00,1028.62,Fuel,Online,59.0,6.0,3.0,1,0,0,0.01
2025-01-01 14:00:00,1794.91,Electronics,Online,19.0,7.0,2.0,1,0,0,0.04
2025-01-21 18:00:00,1773.31,Electronics,ATM,26.0,5.0,1.0,1,1,0,0.0
2025-01-11 02:00:00,1219.09,Healthcare,Online,37.0,14.0,5.0,1,0,0,0.0
2025-01-18 05:00:00,671.91,Fashion,POS,22.0,4.0,7.0,1,0,0,0.0
2025-01-10 07:00:00,50.0,Travel,Online,46.0,11.0,6.0,1,0,0,0.01
2025-01-27 01:00:00,1604.48,Grocery,Online,20.0,6.0,2.0,1,0,0,0.04
2025-01-14 17:00:00,377.5,Grocery,POS,45.0,13.0,5.0,1,0,0,0.04
2025-01-16 01:00:00,1092.45,Electronics,Online,54.0,1.0,1.0,1,0,0,0.01
2025-01-02 11:00:00,1714.55,Fashion,Online,56.0,13.0,6.0,1,0,0,0.0
2025-01-30 06:00:00,239.36,Fashion,POS,47.0,3.0,9.0,1,0,0,0.0
2025-01-05 05:00:00,641.04,Travel,Online,51.0,3.0,7.0,1,0,0,0.0
2025-01-12 13:00:00,1898.08,Grocery,ATM,49.0,8.0,8.0,1,0,0,0.0
2025-01-12 05:00:00,2009.52,Entertainment,POS,34.0,10.0,7.0,1,0,0,0.0
2025-01-11 15:00:00,1014.41,Entertainment,ATM,55.0,1.0,4.0,1,0,0,0.0
2025-01-24 20:00:00,1191.31,Entertainment,Online,38.0,0.0,8.0,1,0,0,0.0
2025-01-12 05:00:00,210.17,Healthcare,POS,25.0,10.0,5.0,1,0,0,0.01
2025-01-18 13:00:00,1711.88,Entertainment,POS,21.0,1.0,7.0,1,0,0,0.36
2025-01-29 17:00:00,1325.5,Entertainment,Online,41.0,2.0,4.0,1,0,0,0.01
2025-01-28 13:00:00,607.75,Grocery,Online,52.0,8.0,6.0,1,0,0,0.01
2025-01-30 09:00:00,1042.0,Fashion,Online,35.0,10.0,5.0,1,0,0,0.01
2025-01-05 17:00:00,1103.24,Grocery,POS,69.0,10.0,8.0,1,0,0,0.22
2025-01-06 18:00:00,2104.59,Fuel,POS,37.0,10.0,7.0,1,0,0,0.06
2025-01-01 09:00:00,1218.46,Healthcare,Online,34.0,3.0,2.0,1,0,0,0.0
2025-01-07 15:00:00,1724.61,Healthcare,ATM,27.0,1.0,4.0,0,0,0,0.0
2025-01-27 01:00:00,1640.98,Electronics,Online,40.0,6.0,8.0,1,0,0,0.0
2025-01-06 13:00:00,1407.79,Travel,POS,39.0,8.0,7.0,1,0,0,0.01
2025-01-14 02:00:00,1820.07,Grocery,POS,40.0,3.0,8.0,1,0,0,0.0
2025-01-06 12:00:00,707.99,Healthcare,ATM,59.0,3.0,2.0,1,0,0,0.01
2025-01-15 02:00:00,1946.28,Travel,Online,23.0,11.0,1.0,1,0,0,0.03
2025-01-12 06:00:00,1798.44,Electronics,ATM,60.0,10.0,5.0,0,0,0,0.0
2025-01-07 19:00:00,1102.89,Fashion,Online,58.0,9.0,9.0,1,0,0,0.28
2025-01-05 17:00:00,1259.37,Entertainment,Online,60.0,3.0,8.0,1,0,0,0.03
2025-01-15 21:00:00,528.31,Travel,POS,69.0,12.0,1.0,1,0,0,0.13
2025-01-06 12:00:00,1037.04,Fuel,Online,67.0,9.0,7.0,1,0,0,0.0
2025-01-10 08:00:00,1720.7,Electronics,ATM,20.0,1.0,3.0,1,0,0,0.0
2025-01-30 18:00:00,1671.13,Fashion,POS,60.0,9.0,1.0,1,0,0,0.03
2025-01-20 06:00:00,1148.52,Healthcare,Online,42.0,12.0,5.0,1,0,0,0.16
2025-01-08 10:00:00,2205.99,Fashion,POS,67.0,13.0,6.0,1,0,0,0.05
2025-01-18 10:00:00,521.02,Healthcare,Online,59.0,1.0,4.0,1,0,0,0.0
2025-01-23 11:00:00,1626.3,Healthcare,Online,51.0,10.0,9.0,1,0,0,0.0
2025-01-01 18:00:00,1158.46,Travel,POS,42.0,6.0,8.0,1,0,0,0.0
2025-01-07 04:00:00,1319.72,Healthcare,ATM,23.0,12.0,9.0,1,0,0,0.01
2025-01-30 06:00:00,1542.98,Travel,ATM,67.0,14.0,3.0,1,0,0,0.03
2025-01-27 10:00:00,1536.09,Grocery,POS,37.0,6.0,4.0,1,0,0,0.03
2025-01-08 02:00:00,548.82,Fashion,Online,20.0,3.0,5.0,1,0,0,0.0
2025-01-06 00:00:00,925.59,Fashion,ATM,41.0,12.0,2.0,1,0,0,0.01
2025-01-10 22:00:00,325.55,Fashion,POS,44.0,6.0,1.0,1,0,0,0.04
2025-01-09 00:00:00,937.89,Fuel,Online,30.0,14.0,2.0,1,0,0,0.02
2025-01-24 10:00:00,1800.14,Fuel,Online,55.0,4.0,8.0,1,0,0,0.0
2025-01-02 20:00:00,1169.87,Electronics,Online,35.0,0.0,7.0,1,0,0,0.01
2025-01-11 03:00:00,412.35,Entertainment,Online,62.0,11.0,7.0,0,0,0,0.05
2025-01-24 23:00:00,2083.87,Grocery,POS,26.0,13.0,6.0,1,0,0,0.0
2025-01-29 19:00:00,1921.81,Fashion,Online,29.0,8.0,6.0,0,0,0,0.08
2025-01-01 17:00:00,1776.75,Healthcare,Online,28.0,10.0,1.0,1,0,0,0.14
2025-01-18 19:00:00,2429.23,Travel,Online,27.0,7.0,8.0,1,0,0,0.05
2025-01-14 10:00:00,1936.97,Electronics,Online,45.0,13.0,7.0,1,0,0,0.02
2025-01-13 06:00:00,933.78,Fashion,Online,68.0,6.0,6.0,1,0,0,0.0
2025-01-27 03:00:00,1396.0,Fuel,POS,27.0,9.0,4.0,1,0,0,0.03
2025-01-10 05:00:00,1485.98,Grocery,POS,34.0,6.0,4.0,1,0,0,0.07
2025-01-14 05:00:00,1605.41,Electronics,Online,61.0,0.0,4.0,1,0,0,0.03
2025-01-28 22:00:00,1756.67,Travel,POS,19.0,7.0,7.0,1,0,0,0.01
2025-01-15 22:00:00,415.85,Fashion,Online,35.0,4.0,6.0,1,0,0,0.19
2025-01-03 14:00:00,337.95,Healthcare,Online,42.0,12.0,9.0,1,0,0,0.0
2025-01-19 12:00:00,2088.26,Fuel,Online,20.0,0.0,5.0,1,0,0,0.04
2025-01-27 21:00:00,1287.42,Grocery,Online,49.0,4.0,3.0,1,0,0,0.0
2025-01-16 19:00:00,199.83,Fuel,Online,22.0,2.0,8.0,1,0,0,0.01
2025-01-17 09:00:00,1920.76,Healthcare,Online,49.0,14.0,5.0,0,0,0,0.01
2025-01-08 11:00:00,1338.24,Electronics,POS,69.0,4.0,7.0,1,0,0,0.0
2025-01-20 18:00:00,1116.02,Grocery,POS,64.0,10.0,7.0,1,0,0,0.02
2025-01-23 13:00:00,1006.94,Fuel,Online,57.0,2.0,7.0,1,1,0,0.14
2025-01-08 07:00:00,635.13,Electronics,ATM,57.0,5.0,6.0,1,0,0,0.0
2025-01-25 00:00:00,1775.16,Electronics,POS,31.0,13.0,8.0,0,0,0,0.0
2025-01-15 00:00:00,705.48,Fuel,Online,22.0,5.0,7.0,1,0,0,0.01
2025-01-03 03:00:00,1051.67,Electronics,POS,34.0,9.0,2.0,1,0,0,0.0
2025-01-21 01:00:00,1745.78,Travel,POS,22.0,6.0,6.0,1,0,0,0.0
2025-01-12 02:00:00,592.86,Healthcare,Online,48.0,9.0,1.0,1,0,0,0.0
2025-01-05 14:00:00,1537.99,Fashion,POS,53.0,8.0,2.0,1,0,0,0.0
2025-01-13 02:00:00,1295.22,Travel,POS,49.0,4.0,6.0,1,0,0,0.01
2025-01-09 14:00:00,2365.32,Fuel,POS,60.0,4.0,2.0,0,0,0,0.01
2025-01-12 00:00:00,1334.07,Fashion,Online,51.0,2.0,8.0,1,0,0,0.13
2025-01-03 08:00:00,897.11,Grocery,POS,26.0,10.0,2.0,0,1,0,0.02
2025-01-26 12:00:00,941.63,Travel,Online,44.0,0.0,9.0,1,0,0,0.01
2025-01-21 20:00:00,1528.61,Fashion,POS,61.0,6.0,5.0,1,0,0,0.0
2025-01-30 11:00:00,421.44,Fashion,POS,60.0,0.0,3.0,1,0,0,0.02
2025-01-27 00:00:00,1489.47,Fuel,ATM,24.0,7.0,6.0,1,0,0,0.02
2025-01-03 13:00:00,1340.87,Travel,Online,24.0,7.0,3.0,1,0,0,0.0
2025-01-04 14:00:00,2084.2,Grocery,POS,40.0,3.0,3.0,1,0,0,0.0
2025-01-18 18:00:00,1392.47,Grocery,POS,41.0,10.0,3.0,1,0,0,0.05
2025-01-21 00:00:00,896.82,Fashion,Online,28.0,5.0,3.0,1,0,0,0.07
2025-01-24 08:00:00,1315.07,Healthcare,Online,39.0,10.0,8.0,1,0,0,0.0
2025-01-12 12:00:00,2336.09,Fashion,POS,65.0,2.0,7.0,1,1,0,0.01
2025-01-20 08:00:00,1746.85,Travel,Online,42.0,9.0,5.0,0,0,0,0.03
2025-01-17 18:00:00,1839.01,Travel,Online,29.0,1.0,7.0,0,0,0,0.03
2025-01-30 04:00:00,574.87,Fashion,Online,42.0,0.0,7.0,1,0,0,0.0
2025-01-28 09:00:00,1932.79,Travel,Online,35.0,0.0,7.0,1,0,0,0.09
2025-01-26 06:00:00,1728.49,Fuel,POS,47.0,1.0,8.0,1,0,0,0.01
2025-01-05 14:00:00,2017.38,Entertainment,ATM,59.0,5.0,8.0,1,0,0,0.03
2025-01-23 17:00:00,1209.68,Fuel,POS,58.0,10.0,5.0,0,0,0,0.0
2025-01-18 08:00:00,554.76,Electronics,Online,55.0,14.0,2.0,1,0,0,0.0
2025-01-29 06:00:00,1266.38,Fuel,POS,45.0,3.0,3.0,0,0,0,0.02
2025-01-14 13:00:00,2320.31,Healthcare,POS,52.0,12.0,9.0,1,0,0,0.01
2025-01-05 20:00:00,1610.24,Travel,Online,23.0,6.0,7.0,1,0,0,0.01
2025-01-01 04:00:00,736.19,Travel,Online,69.0,6.0,3.0,1,0,0,0.01
2025-01-28 22:00:00,1357.06,Entertainment,Online,63.0,10.0,5.0,1,0,0,0.0
2025-01-23 16:00:00,1290.43,Entertainment,Online,33.0,6.0,5.0,1,0,0,0.09
2025-01-08 11:00:00,1808.22,Travel,Online,22.0,3.0,8.0,1,0,0,0.0
2025-01-24 04:00:00,1476.45,Fuel,Online,22.0,9.0,8.0,1,0,0,0.1
2025-01-08 13:00:00,1360.06,Grocery,Online,52.0,14.0,9.0,1,0,0,0.01
2025-01-09 23:00:00,1916.82,Travel,ATM,68.0,8.0,7.0,1,0,0,0.03
2025-01-02 09:00:00,1851.54,Entertainment,POS,44.0,10.0,6.0,1,1,0,0.01
2025-01-07 23:00:00,1677.81,Travel,Online,46.0,1.0,9.0,1,0,0,0.16
2025-01-10 15:00:00,709.86,Grocery,Online,23.0,12.0,5.0,1,0,0,0.0
2025-01-09 14:00:00,1041.33,Fashion,POS,21.0,8.0,1.0,1,0,0,0.02
2025-01-10 08:00:00,158.97,Healthcare,POS,34.0,9.0,4.0,1,0,0,0.01
2025-01-07 15:00:00,1170.79,Healthcare,Online,24.0,7.0,9.0,1,0,0,0.0
2025-01-07 16:00:00,1460.32,Entertainment,Online,41.0,11.0,5.0,1,0,0,0.01
2025-01-18 00:00:00,2013.32,Fashion,Online,39.0,5.0,9.0,1,0,0,0.02
2025-01-28 03:00:00,1753.26,Fuel,POS,25.0,3.0,7.0,1,0,0,0.0
2025-01-04 06:00:00,2216.73,Grocery,Online,44.0,5.0,7.0,1,0,0,0.02
2025-01-21 10:00:00,583.12,Healthcare,POS,52.0,1.0,5.0,1,0,0,0.01
2025-01-27 09:00:00,1786.04,Entertainment,Online,27.0,11.0,6.0,1,0,0,0.01
2025-01-13 11:00:00,1468.31,Healthcare,POS,23.0,12.0,4.0,1,0,0,0.0
2025-01-13 23:00:00,1513.07,Entertainment,POS,19.0,6.0,2.0,1,0,0,0.0
2025-01-20 07:00:00,1748.32,Fuel,ATM,34.0,6.0,2.0,1,0,0,0.04
2025-01-14 02:00:00,1531.32,Fashion,ATM,37.0,14.0,8.0,0,0,0,0.0
2025-01-24 03:00:00,868.73,Healthcare,Online,59.0,6.0,3.0,0,0,0,0.0
2025-01-17 00:00:00,1894.93,Electronics,ATM,56.0,9.0,9.0,1,0,0,0.03
2025-01-23 00:00:00,1679.72,Entertainment,POS,29.0,14.0,8.0,1,0,0,0.0
2025-01-30 02:00:00,1456.07,Entertainment,Online,64.0,1.0,3.0,1,0,0,0.0
2025-01-01 09:00:00,1890.1,Fashion,POS,47.0,13.0,9.0,1,1,0,0.06
2025-01-13 11:00:00,1425.38,Grocery,Online,49.0,12.0,7.0,1,0,0,0.0
2025-01-01 17:00:00,979.73,Fashion,POS,44.0,3.0,5.0,1,0,0,0.07
2025-01-01 15:00:00,1835.95,Grocery,Online,68.0,1.0,9.0,1,0,0,0.0
2025-01-16 18:00:00,1337.6,Entertainment,POS,59.0,4.0,7.0,1,0,0,0.01
2025-01-08 01:00:00,1390.44,Electronics,ATM,67.0,8.0,3.0,0,0,0,0.0
2025-01-05 06:00:00,424.16,Fashion,POS,19.0,6.0,6.0,0,0,0,0.01
2025-01-14 02:00:00,1393.77,Entertainment,POS,20.0,7.0,5.0,1,0,0,0.0
2025-01-16 14:00:00,1288.35,Grocery,ATM,60.0,6.0,9.0,1,0,0,0.12
2025-01-06 16:00:00,1812.14,Entertainment,POS,26.0,5.0,5.0,1,0,0,0.0
2025-01-12 05:00:00,1625.89,Grocery,POS,36.0,7.0,6.0,1,0,0,0.01
2025-01-04 05:00:00,1432.54,Grocery,Online,40.0,12.0,5.0,0,0,0,0.01
2025-01-19 00:00:00,1252.62,Fuel,Online,36.0,10.0,5.0,1,1,0,0.01
2025-01-08 02:00:00,1728.62,Fuel,POS,36.0,2.0,7.0,1,0,0,0.02
2025-01-08 00:00:00,1979.7,Fashion,ATM,28.0,4.0,5.0,1,0,0,0.05
2025-01-29 10:00:00,953.73,Travel,Online,58.0,12.0,3.0,1,0,0,0.01
2025-01-12 01:00:00,1190.89,Travel,Online,59.0,5.0,6.0,1,0,0,0.0
2025-01-08 09:00:00,769.85,Grocery,POS,59.0,7.0,6.0,1,0,0,0.01
2025-01-25 12:00:00,779.17,Entertainment,Online,41.0,8.0,9.0,1,0,0,0.05
2025-01-02 14:00:00,1399.79,Fuel,Online,62.0,10.0,4.0,1,0,0,0.01
2025-01-28 17:00:00,1458.8,Travel,POS,55.0,11.0,7.0,1,0,0,0.0
2025-01-14 10:00:00,1279.34,Travel,Online,46.0,14.0,1.0,1,0,0,0.04
2025-01-26 17:00:00,423.52,Fashion,POS,18.0,0.0,9.0,1,0,0,0.03
2025-01-12 05:00:00,1503.64,Healthcare,POS,20.0,12.0,4.0,1,0,0,0.0
2025-01-25 18:00:00,658.24,Fashion,POS,46.0,9.0,1.0,1,0,0,0.02
2025-01-22 05:00:00,1641.92,Electronics,Online,53.0,12.0,6.0,1,0,0,0.0
2025-01-05 11:00:00,752.27,Entertainment,Online,57.0,1.0,9.0,0,0,0,0.0
2025-01-18 07:00:00,1125.35,Electronics,ATM,18.0,8.0,9.0,1,0,0,0.02
2025-01-22 14:00:00,1741.01,Healthcare,Online,50.0,14.0,8.0,1,0,0,0.01
2025-01-30 01:00:00,998.28,Fuel,POS,54.0,9.0,3.0,1,0,0,0.0
2025-01-01 01:00:00,1589.54,Travel,POS,33.0,0.0,6.0,1,0,0,0.0
2025-01-04 02:00:00,795.71,Healthcare,Online,66.0,12.0,9.0,0,0,0,0.01
2025-01-28 03:00:00,503.57,Fuel,POS,33.0,8.0,1.0,1,1,0,0.03
2025-01-30 14:00:00,1923.05,Electronics,Online,52.0,1.0,5.0,1,0,0,0.23
2025-01-05 01:00:00,1935.24,Grocery,Online,47.0,0.0,4.0,1,0,0,0.0
2025-01-21 15:00:00,593.24,Electronics,POS,32.0,9.0,6.0,1,0,0,0.2
2025-01-25 06:00:00,819.13,Electronics,Online,59.0,8.0,7.0,1,0,0,0.02
2025-01-30 18:00:00,668.8,Fuel,POS,39.0,7.0,6.0,1,0,0,0.02
2025-01-28 17:00:00,50.0,Fashion,POS,49.0,5.0,6.0,1,0,0,0.0
2025-01-03 17:00:00,1520.04,Healthcare,ATM,59.0,4.0,1.0,1,0,0,0.0
2025-01-06 14:00:00,849.25,Healthcare,POS,27.0,9.0,5.0,1,0,0,0.01
2025-01-15 04:00:00,970.07,Fashion,ATM,19.0,14.0,4.0,1,0,0,0.08
2025-01-01 01:00:00,1669.26,Grocery,Online,66.0,5.0,1.0,1,0,0,0.02
2025-01-03 19:00:00,1697.4,Travel,Online,19.0,4.0,1.0,1,1,0,0.09
2025-01-23 10:00:00,494.58,Travel,POS,67.0,6.0,7.0,1,0,0,0.0
2025-01-20 20:00:00,1969.2,Healthcare,Online,47.0,6.0,9.0,1,0,0,0.01
2025-01-18 06:00:00,1937.83,Fuel,ATM,21.0,13.0,7.0,1,0,0,0.01
2025-01-05 02:00:00,1238.63,Entertainment,Online,35.0,5.0,5.0,1,0,0,0.0
2025-01-07 07:00:00,1170.58,Healthcare,Online,35.0,6.0,6.0,1,0,0,0.0
2025-01-02 08:00:00,801.6,Healthcare,POS,40.0,1.0,1.0,0,0,0,0.0
2025-01-04 13:00:00,1158.73,Grocery,Online,55.0,2.0,6.0,1,0,0,0.0
2025-01-29 17:00:00,1173.0,Travel,Online,19.0,13.0,8.0,1,0,0,0.0
2025-01-29 14:00:00,1329.21,Healthcare,POS,44.0,6.0,4.0,1,0,0,0.0
2025-01-05 08:00:00,857.31,Travel,Online,38.0,12.0,3.0,1,0,0,0.0
2025-01-26 08:00:00,707.47,Travel,POS,27.0,2.0,9.0,1,0,0,0.0
2025-01-04 00:00:00,915.25,Travel,POS,34.0,3.0,1.0,0,0,0,0.01
2025-01-28 02:00:00,797.09,Healthcare,POS,34.0,8.0,8.0,0,0,0,0.0
2025-01-04 12:00:00,966.38,Healthcare,ATM,49.0,11.0,9.0,1,0,0,0.01
2025-01-10 02:00:00,1938.56,Healthcare,POS,24.0,14.0,5.0,1,0,0,0.12
2025-01-03 09:00:00,341.41,Fashion,Online,63.0,0.0,4.0,1,0,0,0.02
2025-01-13 20:00:00,1348.37,Travel,Online,63.0,2.0,4.0,1,0,0,0.01
2025-01-17 00:00:00,2068.06,Travel,POS,19.0,3.0,2.0,1,0,0,0.0
2025-01-07 13:00:00,1337.91,Electronics,Online,23.0,3.0,1.0,1,0,0,0.02
2025-01-15 12:00:00,880.28,Grocery,POS,29.0,6.0,8.0,1,0,0,0.01
2025-01-14 17:00:00,1137.75,Electronics,POS,37.0,4.0,6.0,0,0,0,0.0
2025-01-11 23:00:00,514.55,Fashion,POS,32.0,9.0,3.0,1,0,0,0.0
2025-01-08 14:00:00,724.9,Healthcare,Online,40.0,7.0,9.0,1,0,0,0.01
2025-01-16 21:00:00,721.83,Fashion,POS,41.0,7.0,7.0,1,0,0,0.11
2025-01-16 06:00:00,1297.21,Fashion,Online,26.0,9.0,4.0,1,0,0,0.01
2025-01-05 10:00:00,1251.71,Fuel,POS,55.0,2.0,5.0,1,0,0,0.0
2025-01-03 20:00:00,1224.44,Grocery,Online,65.0,12.0,9.0,1,0,0,0.01
2025-01-06 00:00:00,1524.15,Healthcare,POS,21.0,13.0,7.0,1,0,0,0.0
2025-01-15 09:00:00,1151.38,Travel,POS,38.0,9.0,1.0,1,0,0,0.04
2025-01-17 10:00:00,1347.86,Healthcare,Online,46.0,12.0,5.0,1,0,0,0.01
2025-01-22 01:00:00,1531.85,Entertainment,Online,40.0,1.0,2.0,1,0,0,0.02
2025-01-02 01:00:00,887.83,Travel,Online,39.0,8.0,8.0,1,0,0,0.0
2025-01-07 01:00:00,1827.32,Entertainment,POS,39.0,4.0,5.0,0,0,0,0.0
2025-01-24 04:00:00,1385.84,Grocery,POS,28.0,0.0,1.0,1,0,0,0.26
2025-01-20 15:00:00,1292.01,Electronics,POS,48.0,11.0,6.0,1,0,0,0.0
2025-01-29 05:00:00,1672.1,Electronics,POS,20.0,11.0,3.0,1,0,0,0.02
2025-01-13 19:00:00,1329.5,Electronics,POS,43.0,11.0,9.0,0,0,0,0.0
2025-01-25 21:00:00,1191.66,Entertainment,Online,67.0,13.0,9.0,1,0,0,0.0
2025-01-21 14:00:00,1436.09,Grocery,POS,56.0,1.0,1.0,1,0,0,0.0
2025-01-21 19:00:00,1402.59,Travel,POS,57.0,5.0,2.0,1,0,0,0.0
2025-01-07 21:00:00,1257.99,Fuel,POS,34.0,13.0,4.0,1,0,0,0.01
